"",vertex,lng,lat,level
"",广州,113.2642217,23.15487207,火车站
"",广州北,113.2520257,23.16545078,火车站
"",韶关东,113.6105371,24.79983729,火车站
"",衡阳,112.6376771,26.89560986,火车站
"",株洲,113.1631632,27.84182344,火车站
"",娄底,112.0127991,27.74542182,火车站
"",益阳,112.3485683,28.54482074,火车站
"",常德,111.7015763,29.07802312,火车站
"",临澧,111.6153402,29.43953417,火车站
"",荆门,112.2181948,31.05729903,火车站
"",襄樊,112.1617884,32.06475226,火车站
"",谷城,111.6091207,32.27147755,火车站
"",十堰,110.7876385,32.60937257,火车站
"",白河东,110.1210202,32.81021843,火车站
"",安康,109.0238954,32.71832276,火车站
"",万源,108.0495149,32.08925118,火车站
"",宣汉,107.6657545,31.54847677,火车站
"",达州,107.4597362,31.20424759,火车站
"",万州,108.4066653,30.7601711,火车站
"",紫阳,108.5578073,32.53190086,火车站
"",白河县,109.918375,32.72986467,区县
"",湘潭,112.9194906,27.88144117,火车站
"",衡山,112.71963,27.28191238,区县
"",郴州,113.040095,25.81457245,火车站
"",坪石,113.0602965,25.29104733,火车站
"",合肥,117.3239996,31.89147004,火车站
"",合肥西,117.2229851,31.83986174,火车站
"",安庆西,116.8262565,30.76762723,火车站
"",黄梅,115.949087,30.09966601,火车站
"",九江,116.0122548,29.71077176,火车站
"",南昌,115.9250895,28.66837908,火车站
"",向塘,115.9678405,28.44875687,火车站
"",吉安,115.0274477,27.1110021,火车站
"",赣州,114.9708711,25.82554935,火车站
"",信丰,114.9135952,25.40378493,火车站
"",龙川,115.2439799,24.1182368,火车站
"",河源,114.6897542,23.76532048,火车站
"",惠州,114.4230201,23.15744099,火车站
"",东莞东,114.0473683,22.97337817,火车站
"",兴国,115.3254209,26.3362677,火车站
"",金华西,119.6419314,29.11651087,火车站
"",义乌,120.0498389,29.38409471,火车站
"",诸暨,120.1916369,29.73282732,火车站
"",杭州,120.1890139,30.24947338,火车站
"",德清,120.0675068,30.55034894,火车站
"",长兴,119.9806329,31.04751633,火车站
"",宣城,118.7805382,30.95313204,火车站
"",芜湖,118.3966804,31.35289811,火车站
"",马鞍山,118.5087737,31.71317184,商务大厦
"",南京,118.8036983,32.09375041,购物
"",滁州,118.326881,32.2044197,火车站
"",蚌埠,117.384207,32.95012941,火车站
"",宿州,117.0011402,33.64524602,火车站
"",徐州,117.2130531,34.27140509,火车站
"",枣庄,117.3128922,34.7859322,火车站
"",滕州,117.1603371,35.08654534,火车站
"",兖州,116.8474672,35.56163469,火车站
"",泰山,117.1171768,36.19353889,火车站
"",济南,116.9975614,36.67700086,火车站
"",晏城,116.764592,36.81007299,火车站
"",禹城,116.640131,36.93018803,火车站
"",德州,116.2951382,37.45569593,火车站
"",泊头,116.593504,38.06716834,火车站
"",沧州,116.8843347,38.31564487,火车站
"",青县,116.851234,38.56577833,区县
"",静海,116.9367586,38.93845728,火车站
"",天津,117.2158181,39.14157184,火车站
"",唐山,118.1247377,39.63121927,火车站
"",北戴河,119.4265811,39.85700049,火车站
"",山海关,119.7738653,40.00675772,火车站
"",兴城,120.7087033,40.6298759,火车站
"",锦州,121.147585,41.13031082,火车站
"",沟帮子,121.781391,41.3679975,火车站
"",盘锦,122.0684973,41.20388423,火车站
"",西柳,122.6296369,40.85042212,火车站
"",海城,122.7491112,40.86946596,火车站
"",鞍山,122.9923668,41.11886986,火车站
"",辽阳,123.1751641,41.28757537,火车站
"",沈阳,123.3997391,41.80125432,火车站
"",沈阳北,123.442511,41.82578289,火车站
"",葫芦岛,120.8742326,40.76055801,火车站
"",塘沽,117.6490814,39.00793614,区县
"",平原,116.4466071,37.17517811,火车站
"",邹城,116.964862,35.40674844,火车站
"",西安,108.9692133,34.28358862,火车站
"",咸阳,108.7412746,34.35011844,火车站
"",杨陵镇,120.2515503,30.16567767,旅游景点
"",蔡家坡,107.6046014,34.32683116,火车站
"",宝鸡,107.1596202,34.37927357,火车站
"",天水,105.9051409,34.57098113,火车站
"",甘谷,105.3387797,34.76896225,火车站
"",陇西,104.7120595,34.95808477,火车站
"",定西,104.6314332,35.59836825,火车站
"",兰州,103.8577409,36.04058805,火车站
"",武威,102.6301089,37.90992518,火车站
"",金昌,102.0704541,38.37672309,火车站
"",山丹,101.081225,38.81888897,火车站
"",张掖,100.5262826,38.98030928,火车站
"",清水,106.14008,34.7425273,区县
"",酒泉,98.45826044,39.65130771,火车站
"",嘉峪关,98.26111459,39.7709062,火车站
"",低窝铺,97.24953671,40.14852784,火车站
"",疏勒河,96.87623978,40.43671023,火车站
"",柳园,95.51226282,41.11271881,火车站
"",哈密,93.5132678,42.85639131,火车站
"",鄯善,90.50075606,43.09069575,火车站
"",吐鲁番,88.88188987,43.15728961,火车站
"",乌鲁木齐,87.59373765,43.787749,火车站
"",乌西,120.2515503,30.16567767,旅游景点
"",石河子,86.0696748,44.27582507,火车站
"",沙湾县,85.47487407,44.35374463,区县
"",奎屯,84.90686185,44.40972833,火车站
"",商丘,115.6632575,34.44957181,火车站
"",宁陵县,115.2984005,34.4546018,区县
"",民权,115.1468554,34.65064903,火车站
"",兰考,114.8259834,34.82092869,火车站
"",开封,114.359663,34.77764621,火车站
"",郑州,113.6658486,34.75278752,火车站
"",巩义,112.9881073,34.76589697,火车站
"",偃师,112.8009206,34.73514772,火车站
"",洛阳,112.4425535,34.69184213,火车站
"",新安县,112.1277435,34.83760695,区县
"",三门峡,111.2399348,34.76696955,火车站
"",灵宝,110.9045804,34.51598052,火车站
"",永登,103.2798651,36.7262422,火车站
"",临泽,100.1666658,39.16242795,火车站
"",玉门镇,97.03368614,40.28674195,村庄
"",渭南,109.5003718,34.49017326,火车站
"",芦台,117.8516185,39.33551255,火车站
"",昌黎,119.1742467,39.71020294,火车站
"",秦皇岛,119.5989409,39.97095533,火车站
"",绥中,120.3597283,40.32838004,火车站
"",大虎山,122.1539521,41.6200251,火车站
"",新民,122.8239569,42.00774574,火车站
"",四平,124.3797324,43.17387424,火车站
"",八面城,120.2515503,30.16567767,旅游景点
"",郑家屯,123.528097,43.51310722,火车站
"",保康,123.3331643,44.13394907,火车站
"",太平川,123.1913986,44.40517186,火车站
"",开通,123.0836931,44.81108876,火车站
"",洮南,122.8156984,45.34607403,火车站
"",白城,122.8688121,45.6234471,火车站
"",镇赉,123.2017616,45.86359516,火车站
"",泰来,123.4183553,46.39766889,火车站
"",平洋,120.2515503,30.16567767,旅游景点
"",江桥,123.6914527,46.77742912,火车站
"",三间房,123.8489215,47.10483899,火车站
"",齐齐哈尔,123.9872889,47.34769981,城市
"",铁岭,123.8430614,42.29985796,火车站
"",滦县,118.5837773,39.78550885,区县
"",威海,122.1510483,37.43088994,火车站
"",文登,121.9979057,37.1852714,火车站
"",乳山,121.5136314,37.00279512,火车站
"",桃村,121.1488909,37.19532612,火车站
"",莱阳,120.7158865,36.93485287,火车站
"",蓝村,120.1906041,36.40118768,火车站
"",胶州,120.0056531,36.30442021,火车站
"",诸城,119.3964032,36.06937915,火车站
"",五莲,119.2138676,35.81121278,火车站
"",莒县,118.8935851,35.65587496,区县
"",沂水,118.7338078,35.6496517,火车站
"",沂南,118.6264674,35.49330836,火车站
"",临沂北,118.4498216,35.12328559,火车站
"",郯城,118.3841983,34.6079222,火车站
"",新沂,118.3553028,34.3868019,火车站
"",邳州,117.9649244,34.32341199,火车站
"",淮北,116.8096616,33.97304034,火车站
"",涡阳,116.246977,33.49475492,火车站
"",阜阳,115.875038,32.92001115,火车站
"",潢川,115.109173,32.11789539,火车站
"",麻城,114.9695815,31.15274825,火车站
"",汉口,114.2613709,30.62514759,火车站
"",武山,104.9260657,34.72675507,火车站
"",高台,99.79597255,39.27469322,火车站
"",和静,86.37633162,42.3165631,火车站
"",焉耆,86.55152403,42.08267948,火车站
"",库尔勒,86.20137022,41.75303948,火车站
"",聊城,115.9501869,36.46287626,火车站
"",梁山,115.9441565,35.82524873,火车站
"",菏泽,115.5131891,35.23657074,火车站
"",曹县,115.5536007,34.82795277,区县
"",商丘南,115.7102131,34.41459603,火车站
"",武昌,114.3235784,30.53442711,火车站
"",咸宁,114.2952843,29.88563526,火车站
"",赤壁,113.9363796,29.72666112,火车站
"",岳阳,113.1265756,29.38234638,火车站
"",汨罗,113.0822382,28.81967354,火车站
"",长沙,113.0195007,28.2000819,火车站
"",磁窑,120.2515503,30.16567767,旅游景点
"",砀山,116.3368321,34.42245011,火车站
"",洛阳东,112.4927734,34.70243177,火车站
"",三门峡西,121.4882288,29.01774425,区县
"",武威南,102.7441957,37.82150106,火车站
"",太原,112.5933007,37.86653585,长途汽车站
"",榆次,112.7377961,37.70289221,火车站
"",太谷,112.576708,37.42764435,火车站
"",祁县,112.469066,37.29219809,区县
"",平遥,112.1749854,37.21258517,火车站
"",介休,111.9256217,37.02428846,火车站
"",灵石,111.7776358,36.86741669,火车站
"",霍州,111.7261074,36.59216083,火车站
"",洪洞,111.6782267,36.26787066,火车站
"",临汾,111.543408,36.09249384,火车站
"",侯马,111.3648747,35.61945693,火车站
"",稷山,111.0015577,35.61901629,火车站
"",河津,110.7325644,35.59368927,火车站
"",韩城,110.4484239,35.48973103,火车站
"",合阳,110.0978029,35.20089004,火车站
"",张桥,120.2515503,30.16567767,旅游景点
"",新绛,111.2174555,35.61646091,火车站
"",青岛,120.3201884,36.06919575,火车站
"",潍坊,119.104982,36.70290842,火车站
"",青州市,118.4701871,36.68058443,区县
"",淄博,118.0633225,36.79513189,火车站
"",驻马店,114.049113,32.98379578,火车站
"",确山,114.042918,32.80752265,火车站
"",明港,114.0565865,32.47055736,火车站
"",信阳,114.0886593,32.13494771,火车站
"",广水,114.0437138,31.6375311,火车站
"",孝感,113.935944,30.96088834,火车站
"",漯河,114.0493635,33.57668167,火车站
"",许昌,113.8279714,34.02605935,火车站
"",北京西,116.3276942,39.90347316,火车站
"",沙城,115.5223972,40.40282072,火车站
"",宣化,115.0635929,40.6041618,火车站
"",张家口南,114.8896865,40.75768751,火车站
"",柴沟堡,114.4227039,40.67670986,火车站
"",天镇,114.0717881,40.4577642,火车站
"",阳高,113.7462037,40.37182133,火车站
"",大同,113.3095838,40.1262358,火车站
"",丰镇,113.1697459,40.44151256,火车站
"",土贵乌拉,113.2119856,40.79159016,火车站
"",集宁南,113.1057738,41.03613103,UNKNOWN
"",呼和浩特,111.6724456,40.83658722,火车站
"",包头东,110.0305503,40.57633853,火车站
"",包头,109.8425703,40.61193249,火车站
"",临河,107.4357114,40.74974177,火车站
"",五原,108.0561568,40.91722001,火车站
"",乌拉特前旗,109.1052971,40.90599326,区县
"",德安,115.7739811,29.31498869,火车站
"",庐山,115.8883215,29.60356133,火车站
"",蕲春,115.4526162,30.24851889,火车站
"",浠水,115.2489331,30.43865788,火车站
"",黄州,115.0107378,30.59127199,火车站
"",新县,114.8590891,31.64627901,区县
"",淮滨,115.4185635,32.50751343,火车站
"",亳州,115.8042766,33.8539775,火车站
"",清河城,115.6935622,37.07001817,火车站
"",衡水,115.697531,37.75076836,火车站
"",深州,115.6202689,38.01710579,火车站
"",肃宁,115.8582673,38.4199895,火车站
"",霸州,116.3819098,39.12890915,火车站
"",天津北,117.2159983,39.17221138,火车站
"",长春,125.3307696,43.91562245,火车站
"",德惠,125.7237354,44.53901914,火车站
"",扶余,126.0317757,44.99348731,火车站
"",双城堡,126.2993944,45.40168428,火车站
"",哈尔滨,126.6393456,45.76753878,火车站
"",公主岭,124.8183155,43.5153408,火车站
"",任丘,116.1514934,38.70030931,火车站
"",枣强,115.7459378,37.51040147,火车站
"",临清,115.744602,36.8477653,火车站
"",烟台,121.3888014,37.554465,火车站
"",义马,111.9191185,34.72681879,火车站
"",华山,120.2515503,30.16567767,旅游景点
"",虞城县,115.9142249,34.36907193,区县
"",乌海西,106.7447121,39.46112384,火车站
"",乌海,106.811606,39.67637507,火车站
"",巴彦高勒,107.0282915,40.33927117,火车站
"",廊坊,116.7122611,39.51899838,火车站
"",忻州,112.7531748,38.42538707,火车站
"",原平,112.7347283,38.72543937,火车站
"",宁武,112.3255698,39.01322907,火车站
"",朔州,112.4549798,39.32227892,火车站
"",神头,112.5578035,39.36611411,火车站
"",岱岳,112.832543,39.52392567,火车站
"",怀仁,113.1008034,39.83421257,火车站
"",平旺,113.2258694,40.07409686,火车站
"",北京,116.4336486,39.90984037,火车站
"",玉田县,117.7347526,39.81884336,区县
"",唐山北,118.1266952,39.8226641,火车站
"",太原东,112.5924808,37.8911797,火车站
"",潼关,110.2541544,34.54162386,火车站
"",渑池,111.7925669,34.75898711,火车站
"",黄口,116.704229,34.36542759,火车站
"",连云港,119.1697482,34.61536506,火车站
"",连云港东,119.3473317,34.72447519,火车站
"",东海县,118.7923096,34.55638323,区县
"",淮南,117.0258093,32.63696307,火车站
"",巢湖,117.8971091,31.62000047,火车站
"",济宁,116.6078694,35.39853434,火车站
"",嘉祥,116.3650827,35.39829042,火车站
"",巨野,116.0944283,35.38467447,火车站
"",东明县,115.0741146,35.18243546,区县
"",长垣,114.6663745,35.21647869,火车站
"",封丘,114.4876781,35.0403841,区县
"",新乡,113.8661373,35.31195135,火车站
"",焦作,113.2415623,35.22820883,火车站
"",月山,113.0620564,35.21723454,火车站
"",济源,112.5800203,35.11674236,火车站
"",燕山,115.9653015,39.75579304,火车站
"",白涧,115.2955284,39.65251639,火车站
"",涞源,114.718832,39.37807131,火车站
"",灵丘,114.2283556,39.46855543,火车站
"",繁峙,113.2803911,39.17207768,火车站
"",襄汾,111.4487529,35.88610735,火车站
"",赵城,111.7059551,36.38753521,火车站
"",五台山,113.572867,39.27113018,火车站
"",石景山南,116.1845558,39.93886654,区县
"",运城,110.9968754,35.0328285,火车站
"",永济,110.4604394,34.87607251,火车站
"",汝州,112.8340781,34.17576649,火车站
"",平顶山西,113.0540248,33.86166205,火车站
"",南召,112.7473537,33.44554725,火车站
"",南阳,112.5186484,33.00429736,火车站
"",邓州,112.0770683,32.68947106,火车站
"",宜城,112.1898492,31.63607476,火车站
"",当阳,111.8183979,30.85327513,火车站
"",宜昌,111.3054263,30.70759226,火车站
"",代县,113.0505817,39.09319722,区县
"",皇姑屯,123.4011856,41.82038248,火车站
"",开原,124.0386568,42.55214742,火车站
"",昌图,124.1241611,42.78455591,火车站
"",兰棱,126.1958012,45.22630239,火车站
"",王岗,126.5524608,45.67616342,火车站
"",武穴,115.6448025,29.97500501,火车站
"",深圳西,113.9140089,22.53367257,火车站
"",罗山,114.5568985,32.17151688,火车站
"",息县,114.8716818,32.41080817,区县
"",和平,114.9754566,24.46379316,火车站
"",龙南,114.8839867,24.92481819,火车站
"",泰和,114.9558405,26.83781067,火车站
"",高密,119.7744493,36.39910366,火车站
"",济南东,117.034645,36.68732395,火车站
"",本溪,123.7653787,41.30099918,火车站
"",南芬,123.8278801,41.12271622,区县
"",通远堡,123.933334,40.7916716,火车站
"",凤凰城,124.0642613,40.45613093,火车站
"",五龙背,124.281964,40.2654718,火车站
"",丹东,124.3943545,40.13002153,火车站
"",草河口,123.917298,40.88454094,火车站
"",苏家屯,123.4262891,41.58934516,区县
"",福州,119.3261656,26.11881419,火车站
"",闽清,118.9140443,26.21931566,火车站
"",南平南,118.2215967,26.63149936,长途汽车站
"",建瓯,118.3006808,27.02964123,火车站
"",建阳,118.1205719,27.36052396,火车站
"",武夷山,118.0371504,27.73561102,火车站
"",横峰,117.6087763,28.41994547,火车站
"",鹰潭,117.0343591,28.24150394,火车站
"",东乡,116.6336628,28.23297895,火车站
"",桐柏,113.4428419,32.39586676,火车站
"",唐河,112.8578368,32.67261211,火车站
"",镇平,112.2309282,33.05937853,火车站
"",内乡,111.8730039,33.07449834,火车站
"",商南,110.9075071,33.53243434,火车站
"",商洛,110.0252391,33.82762199,火车站
"",丹凤,110.3607777,33.68588156,火车站
"",西峡,111.5182682,33.2767254,火车站
"",成都,104.079818,30.70277056,火车站
"",简阳,104.5594299,30.3848872,火车站
"",资阳,104.6588328,30.13108163,火车站
"",资中,104.8701394,29.77445895,火车站
"",内江,105.0440863,29.59392629,火车站
"",自贡,104.7975505,29.36201857,火车站
"",宜宾,104.6070203,28.75725716,火车站
"",水富,104.4222541,28.61313539,火车站
"",盐津,104.2186738,28.00318564,火车站
"",昭通,103.7980544,27.39168674,火车站
"",草海,104.2615485,26.88575195,火车站
"",六盘水,104.8586006,26.59709213,火车站
"",六枝,105.4711693,26.23204907,火车站
"",安顺,105.9492421,26.23545516,火车站
"",贵阳,106.70959,26.56296765,火车站
"",贵定南,107.1959356,26.3531388,火车站
"",都匀,107.5216923,26.23824996,火车站
"",独山,107.5541463,25.87017842,火车站
"",麻尾,107.4667557,25.32546759,火车站
"",南丹,107.5647055,24.98176965,火车站
"",金城江,108.0716344,24.70517331,火车站
"",宜州,108.6337986,24.48495552,火车站
"",柳州,109.3942,24.31287617,火车站
"",来宾,109.2477299,23.73635427,火车站
"",贵港,109.6197458,23.10479211,火车站
"",玉林,110.1633212,22.60378976,火车站
"",河唇,110.3085603,21.70232425,火车站
"",茂名,110.8544794,21.68685164,火车站
"",肇庆,112.454373,23.08734213,火车站
"",广州东,113.3312177,23.15606643,火车站
"",上海,121.4620958,31.25607113,购物
"",昆山,120.9643693,31.37247401,火车站
"",苏州,120.6173997,31.33510589,长途汽车站
"",无锡,120.3144163,31.59451383,火车站
"",常州,119.9782575,31.79108985,火车站
"",镇江,119.4395124,32.20446906,火车站
"",东光,116.5371751,37.89877917,火车站
"",阜新,121.6438462,41.99314041,火车站
"",清河门,121.4267105,41.78306133,火车站
"",义县,121.3018774,41.53492812,区县
"",八角台,120.2515503,30.16567767,旅游景点
"",丹阳,119.5986398,32.00761593,火车站
"",丰城,115.7969803,28.18902216,火车站
"",樟树,115.5841659,28.08262701,火车站
"",新余,114.9457316,27.81595648,火车站
"",分宜,114.6701131,27.81104735,火车站
"",宜春,114.4436822,27.79585352,火车站
"",萍乡,113.8478188,27.65290221,火车站
"",醴陵,113.5178753,27.67648463,火车站
"",怀化,109.9738799,27.56297624,火车站
"",玉屏,108.9412594,27.24570082,火车站
"",镇远,108.4167294,27.04020184,火车站
"",凯里,107.9828955,26.6089427,火车站
"",贵定,107.2350005,26.58732872,火车站
"",宣威,104.1257831,26.21418583,火车站
"",曲靖,103.7987205,25.53265179,火车站
"",昆明,102.7282902,25.02145791,火车站
"",重庆,106.5539789,29.55602925,火车站
"",綦江,106.6702844,29.02373755,火车站
"",赶水,106.7180206,28.75229288,火车站
"",桐梓,106.8385884,28.13643777,火车站
"",遵义,106.9545666,27.70893811,火车站
"",新化,111.3095001,27.73366191,火车站
"",上饶,118.0132145,28.49638134,火车站
"",绍兴,120.5865577,30.02027588,火车站
"",余姚,121.1674168,30.06050435,火车站
"",宁波,121.5435121,29.86835788,火车站
"",龙游,119.1721083,29.01066714,火车站
"",衢州,118.887732,28.9291521,火车站
"",福泉,107.5429043,26.63114647,火车站
"",施秉,108.1409896,26.92330944,火车站
"",杭州南,120.3013103,30.17954711,火车站
"",嘉兴,120.7699335,30.77029017,长途汽车站
"",上海南,121.4354437,31.15950566,火车站
"",松江,121.2344469,31.00584331,火车站
"",海宁,120.6916394,30.53965979,火车站
"",松滋,111.6134317,30.18004432,火车站
"",石门县,111.0442869,29.80174276,区县
"",张家界,110.4935389,29.11058747,火车站
"",吉首,109.7414765,28.3302437,火车站
"",红果,104.470904,25.72032919,火车站
"",玉山,118.2431325,28.66606546,火车站
"",进贤,116.2526859,28.3603748,火车站
"",阳谷,115.8160295,36.10778909,火车站
"",郓城,115.9081413,35.60752485,火车站
"",银川,106.1809444,38.4979975,火车站
"",青铜峡,105.9383178,37.92466996,火车站
"",中宁,105.6737904,37.56125365,火车站
"",中卫,105.1966102,37.52773081,火车站
"",同心,105.9331381,37.00008011,火车站
"",固原,106.3119983,36.02726764,火车站
"",平凉,106.7141257,35.55687601,火车站
"",随州,113.4236867,31.72799528,火车站
"",英德,113.4462628,24.16470808,火车站
"",耒阳,112.8292347,26.41008618,火车站
"",鲁山,112.9098338,33.75472415,火车站
"",陇县,106.7730643,34.87694134,区县
"",肇东,126.0050997,46.08399518,火车站
"",安达,125.3282325,46.40849705,火车站
"",大庆,125.0183732,46.60471242,火车站
"",让湖路,124.8941449,46.66343004,火车站
"",富拉尔基,123.6529456,47.21644379,火车站
"",龙江,123.1855614,47.33528527,火车站
"",碾子山,122.8898607,47.52207252,火车站
"",扎兰屯,122.7504285,48.02402329,火车站
"",巴林,120.2515503,30.16567767,旅游景点
"",博克图,121.9248832,48.76077923,火车站
"",免渡河,121.0670048,49.09990622,火车站
"",牙克石,120.7441242,49.2866486,火车站
"",大雁,120.5588569,49.23795765,火车站
"",海拉尔,119.7501512,49.23600444,火车站
"",嵯岗,120.2515503,30.16567767,旅游景点
"",扎赉诺尔西,117.7014972,49.47821819,火车站
"",满洲里,117.4569147,49.59115484,火车站
"",郭家店,124.5843454,43.34850927,火车站
"",黄村,116.3380192,39.7265711,火车站
"",台前,115.870028,35.9695323,火车站
"",定陶,115.60238,35.0706513,火车站
"",鄄城,115.6783312,35.4300518,火车站
"",饶阳,115.723506,38.24333103,火车站
"",关林,112.5193216,34.64000993,火车站
"",汉阴,108.5128581,32.88275045,火车站
"",石泉县,108.2505184,33.06531602,区县
"",西乡,107.7674156,33.00071125,火车站
"",汉中,107.0365645,33.0963137,火车站
"",阳平关,106.0440563,32.97237582,火车站
"",广元,105.8277948,32.45653054,火车站
"",江油,104.7761913,31.78811916,火车站
"",绵阳,104.7238149,31.46550022,火车站
"",德阳,104.3964601,31.17224597,火车站
"",临颍,113.926773,33.8122999,火车站
"",汉沽,117.8125035,39.27862217,火车站
"",大营镇,115.7427681,37.32400923,火车站
"",黑山,122.1094135,41.70591739,火车站
"",新立屯,122.1832863,42.02628842,火车站
"",彰武,122.534924,42.39367798,火车站
"",甘旗卡,122.3627541,42.96447634,火车站
"",通辽,122.2774864,43.61146242,火车站
"",大安北,124.2465358,45.52443715,火车站
"",新肇,124.4198571,45.71683165,火车站
"",林源,120.2515503,30.16567767,旅游景点
"",银浪,124.8608615,46.49683488,火车站
"",泰康,124.4541307,46.87727895,火车站
"",涿州,115.9910763,39.48678197,火车站
"",高碑店,115.8652588,39.33449697,火车站
"",保定,115.4864533,38.86917342,火车站
"",定州,114.9793995,38.53623153,火车站
"",石家庄,114.4909803,38.01706724,火车站
"",邢台,114.4987515,37.07595091,火车站
"",邯郸,114.482675,36.60911773,火车站
"",鹤壁,114.2807332,35.76571487,火车站
"",西安南,109.108423,34.09863283,火车站
"",柞水,109.1533317,33.64485794,火车站
"",旬阳北,109.3038257,32.84646261,火车站
"",城固,107.3303914,33.1441119,火车站
"",镇安,109.1760016,33.42706121,火车站
"",安阳,114.3470293,36.11092634,火车站
"",江山,118.650358,28.77766269,火车站
"",慈利,111.1258366,29.42303715,火车站
"",麻阳,109.8094815,27.86171876,火车站
"",海阳,121.0039029,37.08697384,火车站
"",绥化,127.022118,46.65021241,火车站
"",庆安,127.5100198,46.89329661,火车站
"",铁力,128.0601093,46.98072139,火车站
"",朗乡,128.8847566,46.96487146,火车站
"",南岔,129.2869346,47.13921297,火车站
"",汤原,129.9327009,46.75319975,火车站
"",佳木斯,130.3912106,46.80992129,火车站
"",香兰,129.764352,46.65799298,火车站
"",浩良河,129.6448995,46.7347491,火车站
"",带岭,129.0273411,47.02965208,火车站
"",兴隆镇,127.1271974,46.44972935,火车站
"",呼兰,126.6541265,46.00403358,火车站
"",章丘,117.5056125,36.72786979,火车站
"",抚顺北,123.9239411,41.89433992,火车站
"",南杂木,124.4141371,41.97120769,火车站
"",清原,124.9424524,42.11129544,火车站
"",山城镇,125.4394845,42.38506444,火车站
"",梅河口,125.6914144,42.54062751,火车站
"",柳河,125.771738,42.29583582,火车站
"",三源浦,125.766124,42.06216351,火车站
"",通化,125.9867788,41.75941264,火车站
"",颍上,116.3131562,32.74576555,火车站
"",吴桥,116.3925285,37.63359863,火车站
"",陶赖昭,125.9457977,44.83253005,火车站
"",南宫东,115.7021371,37.17584034,火车站
"",庐江,117.18338,31.34680799,购物
"",桐城,116.9850501,31.05650762,火车站
"",安庆,117.0719993,30.5544905,火车站
"",阜南,115.5603548,32.6441489,火车站
"",日照,119.5388792,35.40987592,火车站
"",莒南,118.8537003,35.18887699,火车站
"",临沂,118.3505645,35.04260685,火车站
"",杨柳青,117.0086709,39.14872448,火车站
"",锦州南,121.1307444,41.02195257,火车站
"",台安,122.4371768,41.45218146,火车站
"",阿城,127.0028741,45.55711134,火车站
"",平山,123.6925752,41.24040069,区县
"",尚志,127.9688727,45.21437342,火车站
"",一面坡,128.0871998,45.06855384,火车站
"",苇河,128.3865304,44.95873021,火车站
"",亚布力,128.6216743,44.93477723,火车站
"",横道河子,129.0803365,44.82025035,火车站
"",海林,129.3944375,44.57303594,火车站
"",牡丹江,129.6188841,44.59666517,火车站
"",玉泉,127.1691643,45.42288676,火车站
"",香坊,126.6860829,45.72707099,火车站
"",葫芦岛北,120.7699396,40.7485864,火车站
"",共青城,115.7813198,29.24922288,火车站
"",永修,115.8223849,29.02643887,火车站
"",旗下营,120.2515503,30.16567767,旅游景点
"",卓资山,112.5681327,40.90848071,火车站
"",康庄,115.904779,40.38599697,火车站
"",南口,116.1362582,40.24564104,火车站
"",北京北,116.3591643,39.95205398,火车站
"",昌平北,116.2164564,40.22172355,区县
"",怀柔北,116.6990721,40.41482341,火车站
"",滦平,117.3227843,40.92893831,火车站
"",隆化,117.7578895,41.33462831,火车站
"",四合永,117.8340356,41.80775719,火车站
"",纪家沟,118.1402789,41.93501843,火车站
"",红花沟,118.6415942,42.25043986,火车站
"",赤峰,118.9662762,42.26266149,火车站
"",四道湾,119.6477561,42.48967905,火车站
"",羊场,120.2515503,30.16567767,旅游景点
"",奈曼,120.6837513,42.84705508,火车站
"",八仙筒,121.0699676,43.20828733,火车站
"",东来,121.6487822,43.39564253,火车站
"",余粮堡,121.9752282,43.44599732,火车站
"",杨村,117.0712889,39.35993752,火车站
"",三河县,117.0988402,39.97895812,火车站
"",迁安,118.6997499,39.93193632,火车站
"",宝龙山,122.7465347,44.03715301,火车站
"",富裕,124.4670999,47.80351309,火车站
"",拉哈,124.6364667,48.21120173,火车站
"",六合镇,124.7039932,48.3565637,火车站
"",讷河,124.8549906,48.48704411,火车站
"",伊拉哈,120.2515503,30.16567767,旅游景点
"",九三,120.2515503,30.16567767,旅游景点
"",嫩江,125.256354,49.18394106,火车站
"",红彦,120.2515503,30.16567767,旅游景点
"",大杨树,124.6170026,49.75432914,火车站
"",加格达奇,124.1329228,50.42582336,火车站
"",达拉滨,120.2515503,30.16567767,旅游景点
"",老莱,120.2515503,30.16567767,旅游景点
"",枝城,111.51605,30.27751042,火车站
"",澧县,111.7674925,29.64407769,旅游景点
"",会同,109.7394474,26.88796402,火车站
"",靖州,109.6943492,26.57349257,火车站
"",通道,109.6389016,26.32161163,火车站
"",牙屯堡,109.6299477,26.13678166,火车站
"",三江县,109.5100811,25.74756561,区县
"",融安,109.4139261,25.21181699,火车站
"",融水,109.2468902,25.07710886,火车站
"",黎塘,109.1389279,23.20111455,火车站
"",陆川,110.2645326,22.31601363,火车站
"",遂溪,110.2733981,21.40452976,火车站
"",湛江,110.3937822,21.19392954,火车站
"",拉古,120.2515503,30.16567767,旅游景点
"",敖头,120.2515503,30.16567767,旅游景点
"",长汀镇,128.920794,44.48449875,村庄
"",莲江口,130.3286313,46.87975469,火车站
"",鹤立,130.2990126,47.05947994,火车站
"",新华,130.3052863,47.11749135,火车站
"",峻德,130.2983936,47.20295534,火车站
"",鹤岗,130.2912684,47.34622391,火车站
"",宝泉岭,130.5289133,47.43612057,火车站
"",鹤北,130.4767285,47.54751258,火车站
"",半截河,130.3229701,46.95413148,火车站
"",大涧,120.2515503,30.16567767,旅游景点
"",云彩岭,114.3695644,39.45501188,火车站
"",招柏,120.2515503,30.16567767,旅游景点
"",艾河,120.2515503,30.16567767,旅游景点
"",小西庄,116.1739608,39.74956659,地产小区
"",北屯,87.76839584,47.32899532,火车站
"",浮图峪,114.8496889,39.3726215,火车站
"",王安镇,114.9469742,39.40687608,地产小区
"",塔崖驿,120.2515503,30.16567767,旅游景点
"",大盘石,120.2515503,30.16567767,旅游景点
"",紫荆关,115.1777631,39.45437093,火车站
"",奇峰塔,120.2515503,30.16567767,旅游景点
"",南城司,116.6817323,27.51896618,区县
"",板城,120.2515503,30.16567767,旅游景点
"",福山口,121.2034613,37.48107422,区县
"",百里峡,115.4006104,39.68927217,火车站
"",野三坡,115.4605715,39.6778717,火车站
"",平峪,115.552253,39.6664777,火车站
"",十渡,115.5958475,39.65338606,火车站
"",三合庄,115.7234955,39.64101706,火车站
"",云居寺,115.801332,39.62682999,火车站
"",孤山口,115.854288,39.65505981,火车站
"",良各庄,115.8928155,39.574268,村庄
"",南观村,116.0029516,39.77337409,火车站
"",上万,116.0513931,39.82955027,火车站
"",大灰厂,116.1346529,39.85808987,火车站
"",固安,116.3305942,39.43088462,火车站
"",河间西,115.9624832,38.51083204,火车站
"",魏善庄,116.4158686,39.6722432,火车站
"",安定,104.6376237,35.64441517,区县
"",落垡,120.2515503,30.16567767,旅游景点
"",豆张庄,116.9562511,39.40286886,火车站
"",清河,124.2757802,42.50855705,区县
"",沙河,116.2713287,40.13128,火车站
"",昌平,116.2011085,40.19506356,火车站
"",官高,116.3093297,40.23774905,火车站
"",北宅,116.5705629,40.3433767,火车站
"",虎什哈,117.0037793,40.86458535,火车站
"",五道河,120.2515503,30.16567767,旅游景点
"",平坊,120.2515503,30.16567767,旅游景点
"",清华园,116.3459573,39.98795725,火车站
"",承德,117.9608853,40.97166376,火车站
"",承德东,117.9966403,40.89522831,火车站
"",上板城,120.2515503,30.16567767,旅游景点
"",下板城,118.1831196,40.78033511,火车站
"",榆树沟,118.8991616,40.39838623,村庄
"",大杖子,118.1476638,40.75423326,村庄
"",小寺沟,118.6511973,40.90570642,火车站
"",平泉,118.7065431,41.00561051,火车站
"",绿化,98.25777519,39.80741337,火车站
"",春风,120.2515503,30.16567767,旅游景点
"",桥西,114.43814,38.03336455,区县
"",狼尾山,116.5217024,36.01363111,村庄
"",东水峡,97.93578432,39.3963167,UNKNOWN
"",镜铁山,120.2515503,30.16567767,旅游景点
"",暖泉,120.2515503,30.16567767,旅游景点
"",西大滩,106.3770363,38.8661842,火车站
"",石嘴山,106.4278722,38.9229726,火车站
"",大武口,106.3989521,39.03360211,火车站
"",大磴沟,106.047339,37.85931461,村庄
"",呼鲁斯太,120.2515503,30.16567767,旅游景点
"",白芨沟,106.1551983,39.1283843,村庄
"",汝箕沟,106.1276221,39.0410328,村庄
"",玉门,97.0511325,40.27828434,火车站
"",瓜州,95.77992445,40.57361133,火车站
"",敦煌,94.79089871,40.17448802,火车站
"",火石泉,93.27710003,42.95433561,村庄
"",头堡,120.2515503,30.16567767,旅游景点
"",二堡,120.2515503,30.16567767,旅游景点
"",柳树泉,92.85067089,43.05778762,火车站
"",雅子泉,120.2515503,30.16567767,旅游景点
"",了墩,92.22585844,43.15058075,火车站
"",十三间房,91.75259115,43.20344709,村庄
"",七泉湖,120.2515503,30.16567767,旅游景点
"",煤窑沟,114.9386908,39.18169119,村庄
"",达板城,120.2515503,30.16567767,旅游景点
"",盐湖,110.9619309,35.06367688,区县
"",柴窝堡,87.9882511,43.51109753,火车站
"",三葛庄,120.2515503,30.16567767,旅游景点
"",乌拉泊,87.72028345,43.59530051,商圈
"",小泉东,95.36976093,41.18242908,村庄
"",大泉,120.2515503,30.16567767,旅游景点
"",照东,120.2515503,30.16567767,旅游景点
"",红柳河,94.73323835,41.53919258,火车站
"",天湖,120.2515503,30.16567767,旅游景点
"",尾亚,120.2515503,30.16567767,旅游景点
"",思甜,120.2515503,30.16567767,旅游景点
"",山口,120.2515503,30.16567767,旅游景点
"",烟墩,120.2515503,30.16567767,旅游景点
"",盐泉,120.2515503,30.16567767,旅游景点
"",红旗村,113.5556492,22.12033612,村庄
"",红光,103.950559,30.77776641,火车站
"",托克逊,88.2705561,42.35184616,区县
"",望布,120.2515503,30.16567767,旅游景点
"",鱼儿沟,87.89529117,42.84207047,火车站
"",星源,120.2515503,30.16567767,旅游景点
"",国光,111.7684627,29.64661442,购物
"",阿拉沟,104.2801116,25.58184926,村庄
"",胜利桥,121.2446851,31.36371572,村庄
"",下新光,120.2515503,30.16567767,旅游景点
"",巴伦台,86.31989003,42.75933349,UNKNOWN
"",八棵树,120.2515503,30.16567767,旅游景点
"",幸福滩,120.2515503,30.16567767,旅游景点
"",包尔海,86.44407458,42.01618976,政府机构
"",轮台,84.10569352,41.85636868,火车站
"",库车,83.02336056,41.70092033,火车站
"",新和,82.62724454,41.58047461,火车站
"",喀拉玉尔滚,120.2515503,30.16567767,旅游景点
"",阿克苏,80.31406181,41.15091378,火车站
"",金银川,79.84629726,40.71425234,火车站
"",柯坪,78.99469614,40.45666581,区县
"",巴楚,78.55647014,39.8417333,火车站
"",阿图什,76.22903475,39.72596665,火车站
"",喀什,76.05575584,39.4989368,火车站
"",西宁,101.8215726,36.62632105,火车站
"",海晏,100.9922713,36.87727222,火车站
"",哈尔盖,97.37631054,38.03791634,UNKNOWN
"",刚察,99.98838264,37.55687687,区县
"",天峻,99.02742764,37.23355235,火车站
"",乌兰,98.4738772,36.9598136,火车站
"",柯柯,120.2515503,30.16567767,旅游景点
"",德令哈,97.39033515,37.32089159,火车站
"",饮马峡,120.2515503,30.16567767,旅游景点
"",锡铁山,95.63993631,37.26447129,火车站
"",察尔汗,120.2515503,30.16567767,旅游景点
"",格尔木,94.91350217,36.38870844,火车站
"",北京南,116.3849073,39.87132505,火车站
"",绥中北,120.3306879,40.35458475,火车站
"",盘锦北,121.8126954,41.34201026,火车站
"",武汉,114.4310267,30.61307776,火车站
"",阳泉北,113.4437949,38.12007273,火车站
"",石家庄北,114.471046,38.07223042,火车站
"",上海虹桥,121.3270705,31.20037206,火车站
"",惠山,120.2079412,31.6753105,火车站
"",全椒,118.2892326,32.06566183,火车站
"",肥东,117.4924175,31.86794469,火车站
"",六安,116.5063813,31.7218083,火车站
"",金寨,115.9819161,31.63167073,火车站
"",麻城北,114.9912238,31.19207955,火车站
"",红安西,114.6382531,31.01012808,火车站
"",宝华山,119.0621274,32.15473913,火车站
"",昆山南,120.9572439,31.3592555,火车站
"",厦门,118.1219092,24.47413882,火车站
"",厦门北,118.1217981,24.54486658,火车站
"",泉州,118.5743639,24.9795382,火车站
"",莆田,119.0707703,25.3568075,火车站
"",福清,119.3909526,25.68191573,火车站
"",福州南,119.3970829,25.99189315,火车站
"",宁德,119.5899083,26.67496095,火车站
"",福鼎,120.1962174,27.28781785,火车站
"",温州南,120.5917264,27.97201854,火车站
"",雁荡山,121.1585166,28.34736931,火车站
"",台州,121.2962074,28.69207575,长途汽车站
"",宁海,121.426519,29.34300392,火车站
"",上虞,120.8634246,30.0075391,火车站
"",奉化,121.4709536,29.63453098,火车站
"",温岭,121.3313647,28.485406,火车站
"",鳌江,120.551649,27.63149528,火车站
"",重庆北,106.5580503,29.61453184,火车站
"",遂宁,105.549438,30.54833603,火车站
"",潼南,105.8845201,30.2255761,火车站
"",临海,121.2527481,28.88584316,火车站
"",永嘉,120.7013484,28.07540911,火车站
"",苍南,120.4182266,27.5332955,火车站
"",三门县,121.4882288,29.01774425,区县
"",乐清,120.8658699,28.0904319,火车站
"",都江堰,103.6449601,30.96295168,火车站
"",青城山,103.6132385,30.89810404,火车站
"",犀浦,103.979023,30.76269748,火车站
"",红光镇,103.9502685,30.77792183,火车站
"",郫县西,103.884625,30.83964188,区县
"",晋江,118.465215,24.80108426,火车站
"",涵江,119.1821662,25.497985,火车站
"",石龙,113.8516448,23.1135524,火车站
"",东莞,113.8662968,23.09491021,火车站
"",樟木头,114.0742369,22.9069919,火车站
"",深圳,114.1230639,22.53804324,火车站
"",长沙南,113.071701,28.15389483,火车站
"",广州南,113.275012,22.99449736,火车站
"",赤壁北,113.9062337,29.74292265,火车站
"",岳阳东,113.2138705,29.37157618,火车站
"",汨罗东,113.1512666,28.75201691,火车站
"",衡阳东,112.7160262,26.90196867,火车站
"",耒阳西,112.795287,26.42050992,火车站
"",株洲西,113.0761742,27.7967647,火车站
"",郴州西,112.976608,25.74171293,火车站
"",韶关,113.5209983,24.75679105,火车站
"",巩义南,112.9219515,34.67761488,火车站
"",洛阳龙门,112.4652714,34.59955233,火车站
"",三门峡南,121.4882288,29.01774425,区县
"",灵宝西,110.6953933,34.58339403,火车站
"",华山北,110.1050807,34.58725619,火车站
"",渭南北,109.4876942,34.54174758,火车站
"",渑池南,111.7817841,34.69146301,火车站
"",衡山西,112.7961075,27.25423541,火车站
"",清远,113.1405808,23.70025338,火车站
"",上海西,121.4101329,31.26879097,火车站
"",南翔北,121.3152359,31.28773628,火车站
"",小河镇,109.1633841,33.11746831,火车站
"",渠县,106.9876018,30.94881416,区县
"",广安,106.903271,30.50004521,火车站
"",周口,114.6717485,33.58525357,火车站
"",西平,114.0457014,33.38337703,火车站
"",临湘,113.4906138,29.48000312,火车站
"",源潭,113.20864,23.66819303,火车站
"",海石湾,102.8715566,36.34716264,火车站
"",武义,119.8373221,28.91395339,火车站
"",永康,120.0275605,28.91522911,火车站
"",缙云,120.1020091,28.66715937,火车站
"",丽水,119.9605352,28.44740261,火车站
"",青田,120.2864449,28.14277194,火车站
"",温州,120.6915986,27.98637135,火车站
"",定南,115.0116683,24.78033583,火车站
"",新干,115.4031258,27.73841885,火车站
"",樟树东,115.6045433,27.96941317,火车站
"",丰城南,115.7675084,28.07409687,火车站
"",朱日和,112.9055092,42.40369094,火车站
"",二连,111.9943583,43.66352043,火车站
"",漳州东,117.7508426,24.57048811,火车站
"",漳平,117.4259035,25.31253529,火车站
"",龙岩,117.0125233,25.10271656,火车站
"",永定,116.7506137,24.74115932,火车站
"",梅州,116.1377219,24.26521553,火车站
"",佛山,113.1104454,23.0533192,长途汽车站
"",阳春,111.7680378,22.19570798,火车站
"",茂名东,110.9344676,21.64878475,火车站
"",南宁,108.3217871,22.83237696,火车站
"",百色,106.670767,23.89194926,火车站
"",兴义,104.9933525,25.1721595,火车站
"",威舍,104.7495229,25.28478695,火车站
"",汤阴,114.3524783,35.92098111,火车站
"",平顶山,113.3106792,33.72546138,火车站
"",华容,114.7014718,30.47306762,区县
"",鄂州,114.8725933,30.36774014,火车站
"",黄石,114.9480674,30.15968193,火车站
"",邵武,117.4871085,27.35655996,火车站
"",来舟,117.9931897,26.63125047,火车站
"",三明,117.6136998,26.24681359,火车站
"",永安,131.4844637,45.34477068,火车站
"",三家店,116.1272669,39.95629427,火车站
"",下花园,115.2863938,40.49257852,火车站
"",官厅,120.2515503,30.16567767,旅游景点
"",珠窝,115.8072311,40.05794059,火车站
"",通州西,116.6337346,39.91036239,火车站
"",兴隆县,117.726136,40.45814169,区县
"",沙河市,114.2830925,36.93863546,区县
"",高邑,114.6038017,37.61129503,火车站
"",长寿,106.9724854,29.795838,火车站
"",涪陵,107.3404045,29.70562472,火车站
"",武隆,107.7827952,29.33228556,火车站
"",彭水,108.2422366,29.36777234,火车站
"",黔江,108.7971101,29.44904593,火车站
"",秀山,109.0223682,28.45062221,火车站
"",铜仁,109.2110361,27.74655244,火车站
"",溆浦,110.5844342,27.9321955,火车站
"",酉阳,108.967792,28.81464823,火车站
"",吉林西,126.5170617,43.82389619,火车站
"",烟筒山,126.0380923,43.29213203,火车站
"",明城,126.0228698,43.20027414,火车站
"",磐石,126.0748581,42.93400016,火车站
"",朝阳镇,126.0341665,42.69028922,火车站
"",轩岗,112.437389,38.90072495,火车站
"",闻喜,111.2232388,35.36230151,火车站
"",南京南,118.7859522,32.0119162,火车站
"",绩溪县,118.6637769,30.16240108,区县
"",歙县,118.5751556,29.87117701,区县
"",黄山,118.3285936,29.72861813,火车站
"",祁门,117.7359524,29.8524551,火车站
"",景德镇,117.2280852,29.29161253,火车站
"",乐平市,117.2732788,28.96992821,区县
"",万年,117.0868274,28.69130022,火车站
"",贵溪,117.2216876,28.29591041,火车站
"",合川,106.2840381,29.96563118,火车站
"",冷水江东,111.47392,27.66476973,火车站
"",涟源,111.6822979,27.68984811,火车站
"",瑞昌,115.6781302,29.69474759,火车站
"",阳新,115.1867373,29.86630309,火车站
"",东胜,109.9823285,39.82134186,火车站
"",商都,113.5642488,41.58604618,火车站
"",化德,114.0455716,41.9027499,火车站
"",正镶白旗,120.2515503,30.16567767,旅游景点
"",桑根达来,115.9452554,42.68229664,火车站
"",好鲁库,120.2515503,30.16567767,旅游景点
"",经棚,117.5440467,43.27878621,火车站
"",嘎拉德斯汰,120.2515503,30.16567767,旅游景点
"",林西,118.0878181,43.59963017,火车站
"",大板,118.6461295,43.5311787,火车站
"",林东,119.4191125,43.94121885,火车站
"",查布嘎,120.0759684,43.86340305,火车站
"",开鲁,121.2911843,43.63886543,火车站
"",哲里木,122.2069052,43.63943661,火车站
"",弋阳东,117.4550271,28.41748841,火车站
"",卫辉,114.0687646,35.43759577,火车站
"",淇县,114.1690337,35.66757175,区县
"",兴宁,115.7352844,24.10798818,火车站
"",揭阳,116.3763402,23.57620886,火车站
"",潮州,116.5908175,23.64406856,火车站
"",汕头,116.7618824,23.37844657,火车站
"",眉山,103.8192549,30.07080268,火车站
"",峨眉,103.5289336,29.59721673,火车站
"",普雄,120.2515503,30.16567767,旅游景点
"",西昌,102.2304919,27.88345044,火车站
"",西昌南,102.2196424,27.8470692,火车站
"",德昌,102.1933455,27.4016173,火车站
"",永郎,102.2529684,27.14958277,火车站
"",米易,102.1204385,26.88150016,火车站
"",攀枝花,101.8578925,26.54940678,火车站
"",汉源,102.912262,29.23839164,火车站
"",大英东,105.2855155,30.57351764,火车站
"",昭化,105.6483222,32.39017247,火车站
"",沙溪坝,105.5170948,32.2908248,火车站
"",马角坝,105.0885625,32.09110604,火车站
"",罗江,104.5082618,31.31095778,火车站
"",广汉,104.2696953,30.9828941,火车站
"",华安,117.5454624,25.00441174,火车站
"",冠豸山,116.6856767,25.5301244,火车站
"",长汀,116.350865,25.83449398,火车站
"",瑞金,116.0619532,25.86963875,火车站
"",于都,115.4228587,25.98194447,火车站
"",大关,103.9855467,27.83899673,火车站
"",隆昌,105.2874837,29.36140479,火车站
"",燕岗,103.5309059,29.55807612,火车站
"",甘洛,102.7679098,28.9847076,火车站
"",越西,102.6095487,28.74379902,火车站
"",冕宁,102.1996075,28.2895173,火车站
"",羊坪,108.8316193,27.17867474,火车站
"",黄平,107.8692448,26.95308162,区县
"",息烽,106.7539992,27.08410969,火车站
"",成都南,104.0749998,30.61126073,火车站
"",喜德,102.4062414,28.31549772,火车站
"",漫水湾,102.1729316,28.21362053,火车站
"",彭山,103.8660078,30.19947498,火车站
"",乐山,103.7217067,29.60703143,火车站
"",峨边,103.2841254,29.26349756,火车站
"",桐子林,101.8618747,26.71594184,火车站
"",分水寺,111.3651549,26.86990978,村庄
"",梁平,107.8234701,30.72089958,火车站
"",开江,107.8077387,30.91947726,火车站
"",土溪,107.0762841,31.02075506,火车站
"",营山,106.5749221,31.07094424,火车站
"",蓬安,106.4304932,31.00674574,火车站
"",南充,106.0920826,30.81365856,火车站
"",蓬溪,105.712156,30.68581786,火车站
"",金堂,104.4392554,30.84807568,火车站
"",麻柳镇,107.7418592,31.03072332,村庄
"",荣昌,105.5874367,29.40088093,火车站
"",永川,105.9071772,29.34650225,火车站
"",朱杨溪,120.2515503,30.16567767,旅游景点
"",白沙,109.3585856,19.21605614,城市
"",江津,106.2477078,29.26764663,火车站
"",重庆南,106.54498,29.50310318,UNKNOWN
"",丽江东,100.2987709,26.87396133,火车站
"",安陆,113.7020446,31.26221937,火车站
"",枣阳,112.768429,32.0759458,火车站
"",武当山,110.9729341,32.54437234,火车站
"",旬阳,109.3597016,32.84279096,火车站
"",大理,100.2563253,25.59494656,火车站
"",广通,101.7653103,25.16216124,火车站
"",楚雄,101.5510797,25.05696991,火车站
"",南华,101.2897417,25.21250085,火车站
"",姚安,101.2112377,25.51695444,区县
"",长冲,100.9633756,25.35964877,火车站
"",沐滂,100.7772702,25.4057683,火车站
"",祥云,100.5521036,25.47648523,火车站
"",弥渡,100.4297417,25.49502573,火车站
"",云梦,113.7451374,31.02790916,火车站
"",兰州西,103.7782139,36.07088464,火车站
"",天祝,103.1432558,36.98622127,火车站
"",古浪,102.9242639,37.48587027,火车站
"",平凉南,106.6889112,35.55011019,城市
"",干塘,120.2515503,30.16567767,旅游景点
"",景泰,104.0621287,37.20066041,火车站
"",白银西,104.1055646,36.5570418,火车站
"",皋兰,103.9495538,36.34288378,火车站
"",庙庄,120.2515503,30.16567767,旅游景点
"",崇信,107.0037764,35.24910289,区县
"",长葛,113.7853261,34.21990167,火车站
"",安多,91.6738346,32.25594098,火车站
"",那曲,91.99833949,31.44829546,火车站
"",当雄,91.11258437,30.47868283,火车站
"",拉萨,91.07674761,29.62944424,火车站
"",九龙,101.6350797,28.91780419,区县
"",八达岭,116.0077303,40.36613729,火车站
"",延庆,116.0046412,40.48145654,火车站
"",大石桥,122.5118134,40.65191939,火车站
"",瓦房店,122.0143322,39.63165405,火车站
"",大连,121.6397355,38.92801297,火车站
"",武汉南,114.3162001,30.58108413,城市
"",应城,113.5793985,30.928228,火车站
"",天门,113.3232606,30.87112795,火车站
"",京山,113.1430838,31.04246132,火车站
"",钟祥,112.6230435,31.18147267,火车站
"",锡林浩特,116.0332074,43.92523807,火车站
"",阿勒泰机场,88.09238741,47.75797257,飞机场
"",地窝堡国际机场,87.48550752,43.91374685,飞机场
"",阿克苏机场,80.30091874,41.26940127,飞机场
"",安庆机场,117.0587858,30.58957072,飞机场
"",新白云国际机场,113.317069,23.42603374,飞机场
"",包头机场,109.8462385,40.64711943,城市
"",首都国际机场,116.6034089,40.08820835,飞机场
"",南苑机场,116.4018081,39.80891025,飞机场
"",长春龙嘉国际机场,125.6975476,44.00199492,飞机场
"",巫家坝国际机场,102.7476021,25.00245259,飞机场
"",桃仙机场,123.5009056,41.64341169,飞机场
"",福城机场,112.2161063,31.03800805,地产小区
"",新郑机场,113.8526054,34.53146214,飞机场
"",江北国际机场,106.6515383,29.7223836,飞机场
"",黄花机场,113.2261229,28.19897181,飞机场
"",双流国际机场,103.9650927,30.58482956,飞机场
"",凤凰国际机场,109.4135305,18.31395784,飞机场
"",桃花源机场,111.6490139,28.92699599,飞机场
"",赤峰机场,118.9241612,42.24636728,飞机场
"",长治机场,113.1350749,36.25286648,飞机场
"",奔牛机场,119.7911817,31.91768898,飞机场
"",大同机场,113.4960539,40.06268009,飞机场
"",达县机场,107.4243152,31.18204727,区县
"",浪头机场,124.2932907,40.03955055,飞机场
"",周水子机场,121.5501575,38.96824596,飞机场
"",大庆萨尔图机场,125.1506742,46.75962103,飞机场
"",鄂尔多斯机场,109.8730183,39.50591468,飞机场
"",张家界机场,110.4816202,29.12488935,城市
"",长乐机场,119.6801328,25.93424336,飞机场
"",阜阳机场,115.7505038,32.88287934,飞机场
"",广元机场,105.7111943,32.39929646,飞机场
"",美兰机场,110.4673336,19.94518993,飞机场
"",黑河机场,127.3266654,50.18595764,飞机场
"",白塔机场,111.8277069,40.86199118,飞机场
"",骆岗机场,117.3139945,31.78564478,飞机场
"",萧山国际机场,120.4450079,30.24215387,飞机场
"",东山机场,119.8320182,49.21954794,飞机场
"",太平机场,126.2496215,45.62907772,飞机场
"",黄岩机场,121.0883178,28.60465528,区县
"",河东机场,106.3974888,38.331163,飞机场
"",景德镇机场,117.1910311,29.34016931,飞机场
"",井冈山机场,114.1254392,26.63314954,区县
"",泉州晋江机场,118.5985479,24.80608521,飞机场
"",东郊机场,130.2847346,46.8137796,城市
"",衢州机场,118.9079135,28.96857152,飞机场
"",九黄机场,0,0,未知
"",昌北机场,115.9200004,28.86218836,飞机场
"",黄金机场,114.7901984,25.85146978,飞机场
"",龙洞堡机场,106.8048428,26.54688851,飞机场
"",两江国际机场,110.0594776,25.22518011,飞机场
"",伊春林都机场,129.0445838,47.76220779,飞机场
"",中川机场,103.6246677,36.51357729,飞机场
"",贡嘎机场,90.9083204,29.29612062,飞机场
"",白塔阜机场,123.1751631,41.27928582,区县
"",临沂机场,118.4195634,35.053453,飞机场
"",白莲机场,109.4112136,24.20890925,飞机场
"",绵阳机场,104.705519,31.50470126,城市
"",南充机场,106.105554,30.80096517,城市
"",长白山机场,127.6158684,42.07438592,飞机场
"",三家子机场,123.9277537,47.24611503,飞机场
"",栎社机场,121.4740383,29.82424505,飞机场
"",禄口国际机场,118.8791587,31.74236885,飞机场
"",吴圩机场,108.1783067,22.61529456,飞机场
"",姜营机场,112.626765,32.98624852,飞机场
"",满洲里机场,117.6036868,49.50003172,区县
"",虹桥国际机场,121.3424129,31.20189259,飞机场
"",浦东国际机场,121.8152967,31.1564539,飞机场
"",咸阳机场,108.7704662,34.44342046,飞机场
"",外砂机场,116.7698773,23.43399758,飞机场
"",宝安国际机场,113.8369515,22.64692949,飞机场
"",流亭机场,120.3938044,36.2721234,飞机场
"",通辽机场,122.2133481,43.56563381,飞机场
"",遥墙机场,117.2202663,36.85781551,飞机场
"",屯溪机场,118.2663459,29.72915164,飞机场
"",太原武宿机场,112.637907,37.76147318,飞机场
"",榆阳机场,109.6426925,38.38640664,区县
"",大水泊机场,122.2470637,37.19481418,飞机场
"",永强机场,120.8569934,27.91707398,飞机场
"",天河机场,114.2251467,30.78190847,飞机场
"",硕放机场,120.4419517,31.50942873,飞机场
"",万州机场,108.4386686,30.8041333,飞机场
"",刘集机场,112.2971152,32.15236455,飞机场
"",锡林浩特机场,115.9687794,43.91394965,飞机场
"",高崎国际机场,118.1291662,24.53434497,飞机场
"",曹家堡机场,102.046965,36.5309791,飞机场
"",观音机场,117.5668994,34.05909514,飞机场
"",运城关公机场,111.0444181,35.12193839,飞机场
"",三峡机场,111.4917618,30.55354832,飞机场
"",义乌机场,120.0414385,29.3485236,飞机场
"",朝阳川机场,129.4624823,42.88912245,飞机场
"",莱山机场,121.3787561,37.40440075,飞机场
"",盐城南洋机场,120.2128616,33.42965818,飞机场
"",湛江机场,110.3708445,21.21856213,飞机场
"",三灶机场,113.3830207,22.01495915,飞机场
"",云端机场,109.8615722,40.66699604,餐饮
"",大理机场,100.3295549,25.65402197,飞机场
"",许家坪机场,109.4933292,30.32400982,飞机场
"",邯郸机场,114.4392512,36.53155155,飞机场
"",怀化芷江机场,109.714053,27.44674435,飞机场
"",黎平机场,109.1615757,26.32451332,飞机场
"",济宁曲阜机场,116.3664167,35.29978429,飞机场
"",丽江机场,100.2550953,26.67579718,飞机场
"",永州机场,111.6146477,26.43597165,城市
"",北郊机场,112.4475248,34.65736782,城市
"",兰田坝机场,106.7583295,31.66255328,村庄
"",海浪机场,129.5850045,44.54429655,飞机场
"",梅县机场,116.1710273,24.36478244,区县
"",兴东机场,120.9850381,32.07632855,飞机场
"",正定国际机场,114.7044518,38.28483959,飞机场
"",铜仁机场,109.168558,27.67490269,区县
"",滨海国际机场,117.3688945,39.13841169,飞机场
"",长洲机场,111.1899142,23.56020001,区县
"",莱坝机场,106.5913911,28.63241238,村庄
"",武夷山机场,118.0116174,27.70413252,飞机场
"",西双版纳机场,100.7739494,21.97585955,飞机场
"",驼峰机场,100.1654724,25.69523067,旅游景点
"",攀枝花机场,101.8022875,26.54114303,飞机场
"",青山机场,102.1956138,27.98456238,飞机场
"",迪庆香格里拉机场,99.69119297,27.79863643,飞机场
"",哈密机场,93.52937301,42.3444671,区县
"",漠河机场,122.4334305,52.93209113,飞机场
"",舟山普陀山机场,122.365915,29.93816772,飞机场
"",和田机场,79.87657551,37.04328485,飞机场
"",且末机场,85.54254096,38.15069463,飞机场
"",库尔勒机场,86.14918499,41.62257112,飞机场
"",库车机场,83.0004802,41.72173734,飞机场
"",喀什机场,76.0208324,39.5466715,飞机场
"",德宏芒市机场,98.53881725,24.40831972,飞机场
"",思茅机场,100.9697363,22.79949256,飞机场
"",克拉玛依机场,84.96390522,45.47416037,飞机场
"",伊宁机场,81.33773517,43.96327841,飞机场